t0,t1,t2,t3,t4,t5,t6,t7,t8,t9,t10,t11,t12,t13,t14,t15,t16,t17,t18,t19,t20,t21,t22,t23,t24,t25,t26,t27,t28,t29,t30,t31,t32,t33,t34,t35,t36,t37,t38,t39,t40,t41,t42,t43,t44,t45,t46,t47,t48,t49,t50,t51,t52,t53,t54,t55,t56,t57,t58,t59,file,AU
125.49210817634643,122.04638210111833,119.22109891267884,117.01625861102798,115.43186119616576,114.4679066680925,112.30650252579252,113.562578167414,114.5234567522971,116.1486218172182,119.99097562489824,122.15035943657138,126.5328874886025,125.02339393723062,124.73580916724052,123.77591016772983,122.65977557421658,121.5364136690786,120.3876286979268,120.79153893431794,123.70327676888138,122.03338150131157,123.02531720702656,123.4138200337716,122.90250223084246,122.42976780019788,122.28002739484224,122.32728118525031,122.45480531476665,122.53132983733607,122.5949727619751,122.6227661657646,122.6726787127084,122.76917185678944,122.68594611479416,122.63043822388588,122.5942237807769,122.5661985894607,122.45395743796172,122.38684245550492,122.37368516393946,122.3871492190539,122.4583762960134,122.52525192327964,122.58039917403237,122.69937011086463,122.89822486432875,123.00905466928944,123.00662396197592,123.02114176622028,122.9770578632887,122.88752446085492,122.79594240178264,122.73123251748292,122.77345338400065,122.93326180221727,123.20595819472813,123.50026154979318,123.7868914202121,124.0017268209948,23-01-12-rings-morning_min0,2.07211184694628
124.11228497414083,124.21207553044506,124.23104399868112,124.08976521778318,123.67233163465622,123.05185167227198,122.48300831583096,122.05963665855305,121.75898975987882,121.6423118454177,121.71176761859417,121.9755509952291,122.31490487810836,122.59850858596012,122.58837051150564,122.46792277492511,122.47870178396585,122.453573201972,122.35725510311484,122.21258380074823,122.01736762405744,121.81407122608331,121.6425283408002,121.58133080858704,121.5239732663174,121.55953350866474,121.65812053578694,121.68678001216124,121.71945715923292,121.72860960111971,121.73028957695988,121.75359143063282,121.71204929149305,121.746294533375,121.7855938365024,121.71125973780308,121.63625696316164,121.58464223565822,121.52526275879828,121.52119536713326,121.12284495849964,121.68007279070792,122.0697002173178,122.58355401470676,123.62125389512148,124.52039167718894,125.90888631659178,127.26748875726454,128.17160477218135,128.40467926966014,127.97900864615748,128.03402635125332,127.28840296494631,126.58542901217746,126.2032910055082,125.7987244490178,125.96768704422064,126.16853876808996,126.27731452394578,126.2603344619071,23-01-12-rings-morning_min1,2.07211184694628
126.30769890410554,126.3100360146946,126.2366015473246,126.1745248534022,126.0599778863357,125.93683218654937,125.80517435978412,125.69786899190257,125.57541830818236,125.48664049094754,125.45706997357424,125.47782829547516,125.44313998862864,125.23752046203256,124.89188267895338,124.49917876430612,124.21216925363449,124.03732508882936,123.97960692410926,123.98915935193315,124.10266707793112,124.32814242181468,124.45388400734144,124.42729896369585,124.41839906223734,124.3632837843584,124.36154660841224,124.39532445599868,124.39108090874733,124.27029187103444,124.23562475971696,124.27120807939208,124.350165522412,124.50257240625442,124.628495997637,124.63439006703696,124.64462635418728,124.58354570595822,124.48957251046156,124.45375273417304,124.48612015841546,124.50828285357622,124.64047064950424,124.78639529560466,124.87989023852344,124.95795405982943,124.99824442593037,124.9067025422498,124.84222329211627,124.83168587416672,124.74564074235988,124.63943156272296,124.68289286090106,124.4741804209972,124.18662325124276,123.95952127950213,123.7152486756592,123.45657785284776,123.45182710518684,123.63685861772814,23-01-12-rings-morning_min2,2.07211184694628
123.89322798042564,124.218874423826,124.49962496560192,124.42588590229252,125.95036427241676,123.91718752651131,122.32252234444604,121.1937547028745,120.5904130973896,120.40961276843667,120.68934523729833,121.3939011948374,122.44019171645137,123.78773462156036,125.558274557661,123.69802109385157,123.52507625837742,123.4136908548631,123.38010106574598,123.41167273951493,123.57792180873273,123.8203612370706,123.96887449717568,124.1041719781958,124.21353990880397,124.23316134856212,124.20718551450037,124.17288863950034,124.1061611988276,123.9989707344887,123.97509451486052,123.95003577188186,123.92341743506822,124.0738819484917,124.21946940610064,124.3608018890835,124.46652924730112,124.5493618501728,124.57411070338844,124.49272646082257,124.3437337897205,124.13448725283725,123.8805303005014,123.68282020677566,123.53542773993983,123.41734437979592,123.32534180193396,123.35477800592096,124.33071906648976,123.35859228444258,122.65647070075856,122.24166260971865,122.07207087307336,122.16541080755172,122.51231337471236,123.0431663465056,123.76934776112586,124.68041988284244,125.73272468204028,124.77197300529372,23-01-12-rings-morning_min3,2.07211184694628
124.62783230947332,124.4304881952542,124.242716141281,124.05888579555612,125.1577576543479,124.89517129942742,122.31308657007736,121.59684768673132,118.9348319995259,117.17566228825464,116.4542006656312,116.75912011954732,117.93223348741157,120.06114342589883,124.30158666441751,125.0007395247176,122.24419365003338,121.65251279164436,119.08860747909812,119.56084675914543,118.1721336008536,119.59207730563531,119.12733566049492,118.65404611331267,117.324584867775,115.08492205589044,112.8371055540298,113.12132975533812,114.8749946391982,118.07438174091502,119.73767127711918,123.79965560526364,125.72034221311554,124.52215304010392,124.18617712125842,123.08413775138683,118.71438705040842,115.73392901557006,115.8398340201832,113.13677892566272,112.28631510252175,113.19366041449386,115.87148271600466,117.55834742624312,123.102139624401,122.82004181467396,122.2145610002571,121.609561655957,122.0612852309376,119.11811083689166,118.60492180770667,118.68980712605088,119.57038174099426,121.1456639075024,123.632533168197,123.9008056359102,125.5860826881664,124.43945613486667,124.11745272739452,123.67289915379796,23-01-12-rings-morning_min4,2.07211184694628
124.7824519459323,122.27017719889986,120.37683519939544,119.11508145886356,118.77532807605618,119.03343388217394,119.7672251720158,120.7743564984218,122.04094391728346,123.81639329111206,126.01037937223865,124.4894437893563,124.61950849642297,124.75543803924704,124.8350738024277,126.62416860602156,124.507500889836,122.74988201905587,123.25461701518432,122.05203256471856,117.95046254759583,115.27880506048308,114.08980102926574,116.0274792121918,115.5231604243428,118.61866175374485,115.42278964863314,115.80753570325405,119.92341189885408,117.72068664229644,116.55524619223962,116.49446427321892,116.29457398344758,115.4235407399498,112.3838661281176,111.49427724955812,107.27159283898344,106.5212815591318,107.66210232372389,106.39236979087352,108.63680119041427,108.93456339628749,108.733583311612,107.82394743391234,107.1975172472495,106.821305275771,107.425074188761,109.25871516395064,111.4086640942146,111.95804366665584,115.33797837870767,118.66732406897356,121.31060527165808,123.06353175520825,122.92209828595291,123.4872181635452,124.6885867867158,125.58309252324992,126.91793928484792,125.10993309244326,23-01-12-rings-morning_min5,2.07211184694628
127.17368342448349,115.1563074142381,105.7726792411124,99.02279890510638,94.90666640622004,93.42428174445372,95.9456962856595,102.78431536724878,111.51314169253676,114.36520559758212,113.98215497065176,117.91209324324451,114.51116291875115,114.42311439464795,114.41846087072685,114.5010642027247,114.66524808886172,114.8021652396363,114.89035391221952,114.96744217768668,114.88929941188766,114.82758928679864,114.6479465478102,114.43369694794536,114.24806634301788,114.15146275707836,114.10996805494888,114.14805888917252,114.2108696920126,114.27159173111356,114.26357300215736,114.37501629121782,114.37080282998288,114.30740714688991,114.23318407178792,114.21969266230045,114.25474900497396,114.35576526482812,114.51906151863218,114.65574145400352,114.81318274896437,114.97832486776858,115.0946984341617,115.16097497157102,115.17348176779852,115.19105438398444,115.20100001163512,115.25716742495098,115.309348065491,115.3594813975091,115.4663551278008,115.60242421460232,115.76146663196504,115.91326694428292,116.05515541533155,116.15780333887793,116.28841512834714,116.44937732189724,116.57628525337546,116.70524180102342,23-01-17-rings-afternoon_min0,0.956810631229236
116.80649449725658,116.89672150187812,116.9695990200486,116.96206526148944,116.95050634550672,116.91108442447344,116.82898141319076,116.72002282945678,116.65140152021048,116.56120932127804,116.43609838620615,116.34126565130506,116.26335341850026,116.19049756377918,116.1999305934954,116.21546997418125,116.2082954520165,116.25331883033093,116.34527573916282,116.40471428528105,116.43567131653104,116.46099928319693,116.45983432836007,116.46074339903478,116.43971344049504,116.38475921828498,116.33705368235678,116.29024669774704,116.2321062487863,116.2005797660098,116.15478061109933,116.11872071071326,116.097526514646,116.0668671692894,116.0471971239846,116.05246665624632,116.10004631906034,116.14347986323608,116.20116987432452,116.2684802375724,116.32797567522212,116.33608104280016,116.31198382816582,116.25649958114838,116.21417220583274,116.17367514538448,116.1345544006778,116.11268006841286,116.14375296180997,116.18594255101128,116.22516950099994,116.24787021102487,116.26688027864822,116.28235397089924,116.29965911873174,116.31078680181255,116.33644455623984,116.37844260665584,116.44489758107956,116.48740263714907,23-01-17-rings-afternoon_min1,0.956810631229236
116.50217997786392,116.49308818098892,116.42988382422013,116.34317903848212,116.2451895279926,116.1782837034208,116.1400057819788,116.15246149900484,116.20733017525043,116.283877203526,116.37769660244304,116.46602788704388,116.53217653295816,116.57539910827056,116.5717916241748,116.53110009348326,116.48929219579648,116.47457109152458,116.3923375279238,116.2756553490639,116.15225626406324,116.03586879664064,115.91932681178812,115.78873001094718,115.64613053107227,115.5885995117444,115.69815206097468,115.80574528842143,115.83301892371264,115.83355007405822,115.84649813691844,115.797688407513,115.70421183995435,115.63596944758112,115.55185576720768,115.47621910207884,115.4634398927176,118.9961768592265,114.35228723685483,110.78430604861444,111.8946831885657,109.478680402269,104.62018550864958,94.70638545724506,88.80056875976061,86.99260469188584,89.15027144620363,95.2537222502012,96.20439029617287,103.75595829004796,114.22255978086972,118.52376432302614,119.27531414546895,115.49935896424212,115.40088005708157,115.39103205785858,115.29260629886645,115.23494566053196,115.22652006847356,115.19259057674134,23-01-17-rings-afternoon_min2,0.956810631229236
115.17965874692472,118.8732055708956,118.05068985819275,113.58715209955176,106.68000849777188,98.13709193960784,88.97884007795521,80.28055602380638,73.11012846988453,68.47219640555379,67.40234428032635,70.94752796986585,67.02131486302298,71.54297802276379,71.340859112436,78.27877551183722,83.51190013817035,86.85508594390402,88.29308968435544,87.65548043343114,84.90945466201822,76.41788700462399,70.21701688085727,74.89734567105566,80.98084859949,92.03928893139133,96.4666123894564,97.5365954474332,95.50504045453047,90.29311802151356,82.14297138465287,71.06084634839544,66.40964243710702,61.731376366233455,66.67075978036536,71.4179141208334,78.79043253529684,91.0731826597536,99.61475751504024,100.64876057048367,102.1501871928831,106.74493179578523,104.91541458094144,96.61016873102892,91.54398347594024,86.6652973982245,83.13440546120546,82.10683248694676,75.84312618975983,64.12518890960928,64.26391112305492,72.69395009781226,83.35348146049664,87.79678810270211,93.7705186700446,100.01317808184488,105.7210185580428,113.58440801475824,114.11309610860852,107.37023645103534,23-01-17-rings-afternoon_min3,0.956810631229236
102.71339234100611,97.48545983820416,92.75270633515444,80.69274286956421,73.70107962067381,69.31510289495998,68.62451731094035,72.70335010915906,73.06223758138775,73.32783081538712,69.81484306781886,70.77854611399175,75.19623229753907,82.03648042232214,90.37719413417216,99.2172158693408,107.66283308098213,114.70371724484998,122.93112119827872,122.89451923321954,114.68559226222705,107.56739554181836,98.9352362476976,89.76410850340125,81.04872464064336,73.8815366541092,69.28288458602893,68.24360143647328,71.91322328989412,71.85123933917343,71.80854923117047,71.81094041731609,71.81714801530644,71.76591778154965,68.04439979793756,69.01016675287099,73.54904099872334,80.66043821212956,89.40286254013407,98.61389276773984,107.30469175434294,114.50850602136823,119.09929885367184,120.04129445005483,119.9720824204247,119.07855278727044,111.0298532989494,105.02424102436788,101.07064369486574,99.14628395505818,102.84492915325325,100.40898106272044,100.94717758802447,104.42361177551432,110.88430642834166,111.2176301157875,111.68230493188852,112.19818323868604,110.15549801010644,103.055229514398,23-01-17-rings-afternoon_min4,0.956810631229236
98.62835221580076,109.58075402874984,118.4780779045795,125.32032384328971,130.10749184488049,132.83958190935226,134.89102944634084,124.75181649691368,122.10825115729256,122.20524309532576,119.6733569910706,115.76037866461286,108.55682442805804,105.0539633752257,106.06348751889183,108.44062778156272,113.10142756753376,112.20514993589124,118.64503970463711,126.16729092410262,128.57187596299167,128.68233195751628,125.63251689824968,127.50676110031404,128.32658491364484,122.79307200774376,118.93449090255564,116.22159163716694,112.67831129857548,109.5449609608242,107.15871842100316,106.06991587533582,106.48361877492056,108.97712390771868,108.8358110687556,105.11816658392983,105.925936196822,106.7664054167009,106.58206987817412,104.88864645700284,107.39361123155795,107.3814934665233,109.09237363339848,112.22246934748912,115.94515318452488,119.98414405350005,123.744581916168,126.66422812205208,128.39330819596006,130.24775976491068,132.27014321319524,128.27536877349507,122.99138748201264,121.06347757081588,118.29250660516315,115.23367029669234,110.481873053633,108.81182274969784,112.26414253141807,114.6424621378097,23-01-12-rings-afternoon_min0,-0.412490922294844
117.827128931281,118.7661385370758,117.5601869062324,118.92859849733836,116.92943103866185,113.4133131118392,108.49739395095006,106.9060757590924,107.20420052197858,105.01668411105176,106.97992000915292,104.90563783958412,107.6637437272199,106.70923559405074,110.55062531775016,110.03295552193892,114.0615958642036,113.48691986946446,114.28546703466296,118.472999188973,119.61028658044629,117.77538336581344,115.5330861830092,113.97443083566678,115.15477960352312,108.00186957875692,107.93332826720685,105.66145439539387,109.60336622671822,117.24337696033678,121.87933231375088,128.1731482065314,129.19905909785012,128.9281173448788,124.96105694403488,119.211576688774,117.5818497878204,117.5268955880188,118.92899256321007,121.90186175797471,126.4183560854586,132.51523113490754,133.1575946643839,130.45981101327823,130.4753231584681,130.46027190474496,132.43164779345767,129.87779049182825,127.80451330129408,126.40615325201249,125.5610455312932,125.29092955604176,125.63509640916244,126.42090995617346,127.75857749845396,129.6929330330255,132.074836729088,129.92069705215255,129.91100997960413,129.99122741082743,23-01-12-rings-afternoon_min1,-0.412490922294844
130.0628837073665,130.2480273665141,130.49808660523544,130.6737971006139,130.90816096916723,131.03993818392297,132.97069121659808,130.53203459890798,128.67195248818007,127.317717586394,126.49765179444988,126.23329293650264,126.51611622642992,127.34039305654017,128.65003798811125,130.51326201732292,132.9275326426778,130.9794832312512,130.93223664681716,130.88897113917662,130.8800531456395,130.80519538332078,130.7132334133608,132.56820511799447,129.9215330741546,127.90687599019527,128.51118020264852,125.16530764687248,122.9211613778682,123.8510702226928,121.42338731238654,122.58141543003006,122.9052773622568,122.92238025088533,118.22045173099224,115.87495335981365,112.38224952094932,107.65642233398974,108.26940506063929,112.12189618193284,114.195756462815,122.90356489763278,126.8959162386422,128.2075014540182,126.86400992718342,120.84781799192676,116.54369532254437,113.99792659782185,111.83882086168477,108.88426515292224,110.36220435123882,112.25688296825842,113.31314582260792,112.74360856113796,109.70172023774629,107.43344438122998,108.81241336013444,106.31013705074876,107.38345566455736,107.435918254044,23-01-12-rings-afternoon_min2,-0.412490922294844
110.30474337567014,110.9330025544872,112.694301246773,111.96646015788984,109.97226812146876,109.29228459816376,107.07473694503337,104.58448327916705,106.04740754719536,106.32841746211318,106.74604285914828,108.00920129850508,109.547269070953,111.0764608551625,112.8988692063548,111.47343458337558,112.93082337033375,115.46295852226524,118.5289300778731,125.51026201952216,124.35699065155808,124.03120686533067,120.55420600802144,119.15432749290844,116.37197798422552,110.9663780269748,109.08682290730502,107.5912528615327,106.0066630191674,108.45054689166358,104.4496840740466,102.30606181320672,100.15962224813047,102.67086521738324,104.6531847068568,107.0032361245034,108.94241845995091,110.5511702637806,111.4848675241002,114.21718478286368,115.91064813431782,114.43421642272055,115.19594664616884,116.71370999341444,118.80402012362816,121.79504616088664,124.77646769738334,127.50965849504914,129.57851204202277,131.74145029197553,133.4709361817611,128.2484840719295,125.20795873199128,122.97319369783534,120.61454229741268,118.82809794432646,118.65470765853313,116.73925589115316,114.87374278690686,112.68397861230628,23-01-12-rings-afternoon_min3,-0.412490922294844
107.98593498570284,110.72266952902184,112.85655603727032,114.38759451044824,115.31578494855565,115.6411273515928,118.09917142993844,111.5391837318501,109.86903036525142,110.71178414250711,110.72836620663804,111.09330596125552,111.17604735506136,111.09451578080518,111.07618177214891,111.0470759983654,111.06082414944754,111.09358035483068,111.1811104964917,111.28039646768195,111.39899846825662,111.52020202020238,111.62595059165406,111.7313194115639,111.85198964555444,111.9478109748328,111.98302908643764,112.0182788825761,112.03085347920344,112.0201857795709,112.00172635054506,111.93734855819852,111.90845745870196,111.88965070122332,111.86075063030177,111.81887691265656,111.74835984039144,111.7425940646452,111.75325568890057,111.76472091457478,111.7832059249348,111.82436191340524,111.89879713349474,111.96869520272875,112.0188135208256,112.04070618292332,112.0318956314956,112.03315181563264,111.99928625194283,111.95118448608716,111.9217644165011,111.9755427294786,111.95915992608413,111.95164944466735,111.9043416208361,111.82668790013552,111.77322002577895,111.72027714798256,111.65931887737584,111.63181588015608,23-01-13-rings-afternoon_min0,1.36850838379134
111.63086078887872,111.70338539390332,112.1172037937471,112.20357763583384,111.87277596427046,111.25844348432273,110.42085001153396,109.46983098209697,108.51223289080744,107.63668768514503,107.00207485259276,106.76974264125664,107.00641764702344,106.99719389153992,106.92124384621488,106.8307368380321,106.71172533123736,106.60858226951032,106.53342079144846,106.48104483082057,106.44326685322812,106.46934054588384,106.48735388996164,106.56631725407148,106.67056614067388,106.76796731082896,106.85450030149283,106.98099484933502,107.09990368933762,107.17827114039062,107.21381271144976,107.25214162609704,107.23637606281194,107.22539004579076,107.18382124277665,107.10611020309295,107.01837598996812,106.96432810678937,106.91551252711444,106.881786388525,106.86424304897972,106.89845274408783,106.9586020612782,107.03665452097128,107.12992613181125,107.21661926253756,107.2813860029586,107.34729690484608,107.4059500048566,107.40688075668578,107.37617177129906,107.35804140159642,107.29689592995292,107.18451287464016,107.1653063108047,107.04787404038412,106.86797309280742,106.70874560407796,106.56094429369853,106.43638416162864,23-01-13-rings-afternoon_min1,1.36850838379134
106.41915094960048,106.46207698732148,106.58798363239802,106.80981978488848,107.05845025778652,107.20261748595766,107.28915362812856,107.31143678876134,107.2848107780533,107.22469126106856,107.19484342877932,107.17081004354476,107.21716961279496,107.33082798892404,107.38571954015346,107.43239378713044,107.47369522296312,107.45184507585908,107.4110726859949,107.37062467877932,107.34132521630602,107.27324183592772,107.24653853741778,107.2486681366958,107.2083838130912,107.17913684369772,107.19499734929455,107.21092378866828,107.2553809984868,107.31823993136528,107.37546778127869,107.4129064887662,107.43437066478116,107.39917382458432,107.37076814570013,107.32936713893778,107.3112046926601,107.28755214656616,107.23636003464162,107.20168528989852,107.19088947366323,107.21502066437648,107.22704542166493,107.21803791875114,107.26332101564556,107.31405064264472,107.36814532039176,107.40882026899638,107.36006070065672,107.26835639295636,107.16757961981628,107.07662011491146,106.9999343191534,106.92638441455856,106.95254765200112,107.04767737723824,107.18774629305912,107.38739686022925,107.48861331666052,107.56336055618316,23-01-13-rings-afternoon_min2,1.36850838379134
107.62780253456069,107.65390626264684,107.65362559893843,107.64718712313471,107.6226508524754,107.58581348592124,107.56035161561562,107.50505717481336,107.46301875172026,107.45200608347128,107.4918046981234,107.56062579925891,107.66733229986193,107.7926828202906,107.90556707904398,107.98770302939282,108.02502710650204,107.99492097204045,107.9558535651996,107.89183341073024,107.8132351332843,107.7273679705714,107.6684363415812,107.64213558107149,107.62298481863944,107.60966837849683,107.5696248011974,107.37159074468678,107.39037184242297,107.61730499607486,108.0233913959308,108.37387803566548,108.608359473643,108.76153605617506,108.79822122972548,108.71357369012676,108.43070211833916,108.0147360094336,107.85726456522389,107.85189902075678,107.97680032749405,107.99572048358216,108.01841591242992,108.10590339239786,107.60659656051529,108.6107674290338,109.4217236950013,110.06303073979574,110.50986805767862,110.73470717632654,110.69525364178492,110.35173098594714,109.74392762533024,108.92423816908656,107.93533492826732,108.41502896047852,108.27050529331814,108.21269696666214,108.2047173280282,108.25753767391495,23-01-13-rings-afternoon_min3,1.36850838379134
108.35338103592044,108.4051432114619,108.42304846340036,108.46142984330518,108.45112139777214,108.40069692062887,108.342919674004,108.27854512927787,108.20413686393212,108.17707231570546,108.22709821067278,112.2254845293958,111.35598045955687,106.69176325850556,99.22835436818238,86.12781920210703,77.3702607262576,72.95276587063117,72.16262968791716,76.66608109373394,87.00192414125837,101.33229391690632,109.71986590617588,114.95349916495354,115.20362571404291,111.7017970790226,111.5770530449418,110.1686860127912,109.77762732436504,110.45428609050106,111.60133667391416,110.9266082066862,110.70221481438526,111.44689438960958,110.72880680622116,111.84450256876944,113.07278820079247,112.65580124040882,114.6177470716106,114.18011968878837,113.67107778899437,113.61654992523772,113.9785367419241,114.19557441652582,112.76254178075654,112.06191962916527,111.6575549169527,110.04530770184056,109.49504791026544,107.86852644215202,107.73351073702288,108.48221088337333,108.50397152868864,108.48023421818375,108.45496461004308,108.40991842756524,108.37230671599843,108.38308062850088,108.3258718343292,108.3161843798566,23-01-13-rings-afternoon_min4,1.36850838379134
112.90434629596544,114.55972617596171,115.91615657492798,116.97363749286424,117.7321689297705,118.1917508856471,118.77743825368144,116.9195469038344,116.88007696152263,117.10555831755087,117.10344035052078,117.11250443386224,117.2015508778696,117.14047263247495,117.11408746165615,117.1474561242436,117.20838328446764,117.33526544491424,117.48734114735126,117.68312805286476,117.86751398196743,117.94366392288303,117.94873936176708,117.92353830016953,117.8697025290974,117.79831142201296,117.69426906029484,117.643247084224,117.62255444064074,117.68043954670944,117.7950040949361,117.88669984348732,117.99142840160457,118.07683279358122,118.10745206977666,118.09369778261416,118.0420942978466,118.02068416031342,118.00203427757177,118.02795341738738,118.10121126630928,118.17514230344344,118.26502545992815,118.36345149967258,118.3995641991837,118.38198545450535,118.39652860232977,118.4153340066332,118.4140360485872,118.44606067182276,118.54243758447896,118.57571899129552,118.57942014040682,118.5462125259004,118.46979382668871,118.37820654714248,118.3042225009514,118.18966494370828,118.1041086369508,118.05362179234284,23-01-19-rings-morning_min0,1.24985288925503
118.0110948375991,117.9216765157589,117.84504563614952,117.70958047522538,117.56545747438362,117.41552142771906,117.29026957273088,117.17738150232329,117.1301093517308,117.12661663965412,117.07203303062714,117.00825160155274,116.82394882063863,116.54750770677563,116.28149251428584,116.08847022913466,116.0039991031108,115.9921830610799,116.11134265329612,116.32897804922256,116.48227662745276,116.58745607618692,116.58859138510542,116.5876276284483,116.51812683121312,116.4248670524358,116.30149374605466,116.17441485164176,116.064936689107,115.97601462845638,115.91739700945791,115.99188254237116,116.151403518357,116.39403670367574,116.6549157186856,116.89543270495454,117.08830898123902,117.2219911353118,117.29762667490245,117.33747597418532,117.36841604648282,117.36189673174084,117.33349034971144,117.35340780602536,117.3652202716269,117.32727225429409,117.27061225233138,117.23006814944353,117.20746909196164,117.15832480453612,117.1086360727673,117.03293317034564,117.0254418458426,117.02081339992507,116.97431815652556,116.9282751923283,116.84410451419276,116.79170850380848,116.73613198036088,116.67561090168547,23-01-19-rings-morning_min1,1.24985288925503
116.6517376767478,116.67114760384328,116.7139484893004,116.7544487088436,116.83443262502868,116.87661654101144,116.90082730854252,116.9740593687277,117.07708645701844,117.2247201456678,117.3787031497875,117.44728605162236,117.32346519582885,119.7737433944022,119.0024017957884,115.65689539408228,110.4914985290915,104.20072184831784,97.69547143138578,91.73724245106315,86.93517659315134,83.94880521865863,80.79269883578546,84.09428798562374,87.31676265440962,92.28058261989182,98.22835791695374,104.48915365229033,110.37551872827656,115.17429137066549,118.1751688759397,118.70530099619457,115.95535387428,115.78990480475868,115.73618937775224,115.80859387140671,116.00077505827542,116.24358523384927,116.37968566119967,116.46680912945598,116.5021104803042,116.51716768546882,116.4526548158876,116.31728550529368,116.16573283162184,116.08386578120988,116.07340189252334,116.10293994128014,116.20061203734092,116.3003874836105,116.3967253969992,116.54512444658964,116.63720399862038,116.69557612887726,116.72714590567166,116.76449729668516,116.81269131620728,119.35065721294342,116.26321875738888,113.80482591560992,23-01-19-rings-morning_min2,1.24985288925503
112.01106883639014,110.90079688325656,113.0042107836095,110.16471097100552,108.69888592213194,108.6215931969635,109.99374387949722,112.79079156922964,113.29151646308227,111.12495531724171,112.9520316052198,110.3618693947693,109.8977791620164,105.14752540260532,104.28951255309484,104.83922929975265,106.87256876349134,110.3508178240256,115.32299962798594,115.18212170199254,120.99353478461283,115.19878878441584,115.37623342695775,110.3759187635356,106.7416905497126,107.06846354000416,103.31360484666658,101.64881333306698,102.15666952198114,104.7855472509431,109.531280232681,109.85178779889443,114.24803694700296,113.42673443480538,118.31528060771691,118.29745887889466,115.93182183335472,111.04102715718209,107.55785894066376,105.46122999733184,107.28088163965,104.75256145433718,104.35948639078848,106.04791248391224,109.81560589441406,109.38421830483254,112.88771709363236,111.43378347154268,113.24374906555327,115.78669007935454,119.0323713766274,116.52472745787236,116.50971836504098,116.4368586986657,116.3867474474314,116.36431263759424,116.3756672544762,116.31260100757206,116.17978725051026,116.05716174414452,23-01-19-rings-morning_min3,1.24985288925503
115.95450463924134,115.88497278979736,118.42500927256118,117.81882473892294,114.76659596140296,109.91289477612057,103.93934536906367,97.49204347035652,91.3293242353837,86.2644373118311,83.01323204147297,79.66196435288205,82.89886958107488,86.23546581391687,91.43687793625196,97.7291373807025,104.36488650235484,110.64439608123816,115.80944420638932,119.1100872178335,119.7674714442184,117.06441293696211,116.95416387432049,116.8638139533358,116.80392282449937,116.72314676968033,116.59404863438102,116.47703482642972,116.3871346958167,116.2950240586963,116.24649367270496,116.23132688311436,116.17306590544908,116.09668269736666,116.0039295170256,115.88303831838049,115.7768654923639,115.7076459026365,115.64478031011268,115.6009963213873,115.64894479652328,115.71913094284224,115.7576531086105,115.77065851574676,115.75135251503453,115.74279083908029,115.77315512901488,115.76989150823172,115.84072531707332,115.93604815432,116.06769501910162,116.21160152961946,116.3417461195492,116.46654128676624,116.53117440177049,116.5414587354923,116.30912467017971,115.95979784827476,115.19782864704774,115.04809875598974,23-01-19-rings-morning_min4,1.24985288925503
92.06911281303864,95.21278625891571,96.9716325951685,97.34565182179696,96.33484393880111,93.93920894618124,81.43147285561176,75.71651662078847,72.27018439829006,73.4938143562652,65.16292013138431,74.305268273208,73.25020666643414,80.39905317375634,85.35962330146143,88.53271692739283,89.81447721178043,88.87245303911695,82.6154661880768,78.85199033145011,79.60018306001416,81.40262559008731,85.36638643849085,93.37455570302087,94.68700995012117,89.8030773321518,86.84622950116255,84.96072640076883,86.63325965787347,91.00096653489412,95.78317766013927,93.55126670132124,96.17195654463968,91.71212060996292,83.74153608914219,73.0399889653076,68.43009016920328,63.6905494421099,68.08859589421388,72.41077610288986,79.36851632094763,87.94703817694521,100.8171745595102,108.47847862981158,110.92031946463683,108.63643655601332,96.99213209712744,88.48467968578541,83.24921282666647,78.6777221277211,75.92661349128619,75.94729914820607,79.69446273786681,78.5994813848493,76.4179914853524,73.1655794311136,67.92012060904932,70.8659973569168,66.25941542874233,66.46920973128218,23-01-13-rings-morning_min0,1.04638856223309
74.3929977369009,80.44903596952754,84.65896224976098,86.92606684286764,87.16607413336968,85.2096799719904,80.99689329249692,70.88558026442962,63.34011713634133,66.91527324940716,77.81806442681608,86.55073581822086,95.7869422572778,108.15612772658449,114.47637838630932,114.56976757194217,108.38609996214612,95.9827686434896,86.82854522609998,78.14897791762458,67.20165168973733,63.5374782302465,67.08545302789366,77.89439387043217,90.5065269472688,98.8617526942212,103.07432450311384,103.15418982579877,99.0370137269847,86.98394973949331,79.37761774815812,75.7823132680733,69.47625003863526,70.57982793181034,82.87300087160405,88.3853314187937,91.00289280107832,90.68221084562464,87.36243324376156,77.23930832241177,78.32321597529518,80.66525727086477,78.34920990955995,81.44193582975673,87.04168479108996,86.82758782858161,84.58458676224447,76.53877793979566,71.17034764775275,67.39264710636606,73.83635604109057,86.68400982918061,100.19765395247543,108.04276835470704,110.1776530262154,106.95750267480273,98.46445628907632,84.7930355352765,75.53749736808781,67.72790917395848,23-01-13-rings-morning_min1,1.04638856223309
62.92655573385881,62.22670071083751,66.71685938600677,67.17745687979007,67.56128266616489,68.0513481724982,68.74500489215635,68.88937625731289,68.85414007603899,68.72680210150156,68.49794847819037,68.09268741048943,67.64799026315366,67.27359322756182,67.01480599220717,66.8917161239078,66.88371026650915,66.49519151685138,66.36169441967593,66.40386054517022,66.13819992223216,65.86294098427892,65.65037206473873,65.50910352012586,61.303091407244864,62.34711858314215,71.54538497130116,74.33096768184006,84.28949821627009,86.58516077626868,90.53031440901904,99.07177685179526,102.18803839764956,99.45704031624084,90.97339768004572,87.220100879136,85.22262283317619,75.67691334380484,73.20964134205724,64.04271082204653,62.85205354939541,66.73638324282828,66.71135270758467,62.31018884171665,63.10292998734805,72.09346736358034,78.89607362704913,83.46625365097246,81.71563573541854,82.82851919330956,89.77678680923407,92.0946034455866,89.78385732248428,82.87810889736889,81.60453027478675,83.30435385490907,78.53911572019474,71.75210380519835,63.043245754654606,62.49532070261819,23-01-13-rings-morning_min2,1.04638856223309
67.10423589387452,67.44098320000904,67.75109833318699,68.02260556306236,67.90305609804368,67.62169536319786,67.02540831118667,66.49918244353314,65.99319974179951,65.3034377845731,64.71558534762133,64.31429424712535,64.25803515059305,64.47517061365409,64.68572838685905,61.04213482759557,66.24669676498443,66.64945512477567,70.77660386973938,77.5231751041955,89.84200727802505,93.74580152866288,102.13297666834616,104.85033965679568,101.9494995067603,93.51730861846976,89.43870344377606,77.17846313899776,70.32662440917346,66.24620246527078,66.02194200176856,60.82876848372811,64.68260695184878,64.58340765844319,64.55999908397479,64.54868055480416,64.5685227631532,64.52427482919151,65.03797518647544,65.32458104011795,61.95464790658878,67.5564530248124,71.56196520355013,70.57144482031464,77.26254431937191,81.64590819601614,83.69843035903159,83.35460735285356,81.16011222571795,76.39753990725097,69.74861027431386,70.68364808038429,66.19313029723406,60.962465042154605,64.50935516515871,64.05967684380329,63.58147040587004,63.07250636002422,62.84857994886276,62.89534624584103,23-01-13-rings-morning_min3,1.04638856223309
63.0857506287089,63.38511513608096,63.76143907905586,64.11403002712491,64.50707231730186,64.50085206680475,64.12564183201317,63.504443835224095,62.869202691640936,62.236860851491066,61.60891547548077,61.11078514692009,60.82837096708065,60.90304393388107,61.34663962891671,61.663622800920905,61.63230535065492,61.757613168641534,61.9922673466037,62.182220813385655,61.94208116106063,58.30102310047353,59.94158585286255,69.68783669630366,77.209120227751,82.8991419545709,85.39380199786216,85.2713881241839,82.39289170517277,76.7747663453182,68.50179603124118,58.65050391492829,56.75663124198071,60.24214374061204,60.21044855011874,60.84015662465987,61.03344735026337,61.159716402297846,61.27424359280242,61.37535408538725,61.39673371062933,61.38965953186415,61.26626996806008,60.61486499734978,61.04451968022232,61.349203050466514,61.52375741446494,61.52327263446713,61.53057795533719,61.53899950455104,61.486605290407496,61.3334525582205,61.01329740900948,60.49680281145905,61.04548061453403,61.08507129548128,61.04310911258646,60.96039997057444,60.91903689025705,60.962997482969406,23-01-13-rings-morning_min4,1.04638856223309
60.97635961149875,60.69010566793531,60.69392247521427,60.93171309709369,61.31891505569976,61.80639125199991,62.272140146558925,62.61777021485099,62.86031290004516,63.0447474933732,63.00189643049008,62.76287852250091,62.87277419943319,63.30860740656553,63.19945504008973,63.13469053546813,63.0510882085069,63.108076119405794,62.87235706980121,62.43727160104324,61.94489769766604,61.53472486315774,61.183431518004326,60.96838979980792,60.2892134934904,60.025287088236425,59.93191343320339,59.78916033032366,59.89563126793762,59.96851477746824,60.33732423306678,60.49873208316866,61.097141920380366,61.83088546948052,62.61433904021379,62.81620643484933,64.33044102645115,65.42259056353332,66.3209153261277,66.71910783397395,67.2436799360609,67.16555888290634,67.1756940686633,66.75211472027465,66.66853595371165,66.59481035637118,67.89250418568729,68.29030281374554,68.33745765029326,68.47016156188926,69.35834080614501,65.1741405637348,65.97520189317703,70.30968848967296,77.51279435411853,85.46625225194443,98.150489945414,101.10447085676648,102.08010419297452,101.07738995403784,23-01-13-rings-morning_min5,1.04638856223309
113.63327614148484,108.99612792970126,105.51708637682933,103.19615148286896,102.03332324782026,102.02860167168345,105.49247205893826,111.50228669350986,112.54551992561984,111.32389846916357,115.41828391619984,112.89502630724346,112.87742838035842,112.85113641928127,112.83772249741035,112.8115053909491,112.77614974615986,112.74757081785437,112.73137056411508,112.74310838250328,112.73912446783577,112.72080029309556,112.71797470902976,112.73118428880184,112.7739132283374,112.82403581842097,112.8929044147407,112.96559282731194,113.0394206892648,113.11147823892,113.1458387283293,113.16683934952523,113.18717884726708,113.2163971925792,113.2488032442821,113.27310967497526,113.29435826615548,113.29977242375716,113.2975690625206,113.27828353395772,113.23933513571244,113.21331209480658,113.2220641814786,113.25695353980544,113.32231078058264,113.43940685399706,113.55950411567632,117.24334667181692,112.86167008654029,109.43014788940988,106.95342045957784,105.44254612167666,104.92335230818418,105.34859194398226,106.79288893742522,109.25106881996948,112.68760973897407,117.16153502823768,113.62086279714244,113.6777435765916,23-01-14-rings-afternoon_min0,1.18811881188119
113.74504712337756,113.8183400385064,113.88135577530144,113.91334204424084,113.95748396171284,113.98619526090266,117.53522891939411,113.1094418019361,113.18868693820946,109.8601025130956,100.51064681423972,94.08194157350091,94.2443536200179,92.75840124443096,90.73450862911348,89.08987670837408,88.80525148450461,82.09802929280119,81.24864804440962,75.15297265998848,67.36112044721042,66.80190098044791,70.95757808097306,68.14677953523316,69.66789124327187,74.42092421583115,84.77462883275928,92.22204089841053,96.57890973398374,98.06641426555656,96.72375552085086,92.52693920215324,85.42464872364896,75.48884447441762,71.30850043272389,70.66148582470865,73.96150409871089,73.60680910781832,73.08148296320246,72.25756104781243,71.47339310345338,70.79300999738976,69.92842089886858,69.64921354667032,69.9455111745074,70.84209286005142,71.78430449236184,73.26285614201814,74.08038883045286,70.35293589512901,74.74364728125326,77.00907320750024,78.44415720817722,79.5844860136256,80.13701288482609,80.19859457384207,79.94249890722276,78.77319957158923,75.41593498011608,70.17194389998528,23-01-14-rings-afternoon_min1,1.18811881188119
73.31558519087461,72.2873835879028,72.22474610673524,73.03587547969997,73.46706231573697,73.71536969644457,73.71612293482282,73.04692057733031,71.96161544629649,70.59162287961766,69.07514300501019,68.64797809471237,69.22691961385098,70.85222955938222,72.17000413315574,73.46068630296634,74.5774833523009,75.5010570117778,76.17262454265071,76.16045066731627,75.46499108133133,75.32636229571318,75.12206625330616,74.97751672963031,75.47276720294705,75.1994820169801,74.55813578405576,73.63668939458117,72.62508315449841,71.41523603855657,70.36272476193798,68.92647475379694,69.10608884850697,65.79541338936261,71.09450159334669,75.17728788073279,78.59255091979665,81.17006085631155,82.70117283904148,82.9444815360003,81.82070538896488,79.21186162302688,76.5293793015128,71.7124634414836,74.92792056428443,74.98263884875479,75.6761302454258,71.91470810985217,72.39997145873892,76.18450108932473,82.34760186648384,94.05739237681884,101.42252878916688,104.53345130494284,103.54039248095084,98.83519299786198,89.58216755446794,76.40648133428769,69.49516902826915,66.23793733926252,23-01-14-rings-afternoon_min2,1.18811881188119
66.53868389757054,71.33882000627318,72.26848718465408,73.01291263760791,73.43471801505837,73.61665471577565,72.97937213839535,74.32361726461588,75.03525534687117,75.22368271322044,74.05055348175621,72.24546700164453,70.45905548395561,68.67273657564965,66.32749332851967,66.35534670816983,66.74402356566829,67.25890465084301,67.89070645600626,68.84069764180559,69.96632444221221,70.94072706617756,71.55199109532295,71.98478045643323,71.74377793342235,72.9046946185845,72.59218792646502,72.1402761244523,68.06063904211317,68.52003820475268,76.19599156167227,82.00852913287059,82.45417329812865,85.57831096496508,94.23719613638144,97.70915005719614,98.48187164791996,94.1285330229511,85.43982933471999,82.36849753371996,81.88735008334424,76.1310679318068,68.41844906107514,67.92203991891257,72.03287621831873,71.45380260804299,72.07863889048603,71.2272674983421,67.99592262844664,73.04614212260921,72.40352153980918,79.15801994960331,80.09016473214191,87.23645053310149,91.40285330696132,93.04184846496892,92.05484026205868,88.36836873041408,82.07613491122137,82.15555490096017,23-01-14-rings-afternoon_min3,1.18811881188119
75.09689122205552,75.21538818483506,70.04643306470338,72.69742515650448,71.74516480764437,71.19277077114171,70.95649480782916,71.32360896875676,71.80540012525867,72.28994987696308,72.39437771201665,72.28106354094571,72.01444905350476,71.60188714866422,71.22566458335075,70.88474055657076,70.79527932122994,70.8963710512237,70.54207781985845,70.4702892385067,70.71873151641769,71.08214478948858,71.54206509743723,71.7867936549875,71.98873376918264,72.26354218783993,72.30387509381629,72.00274898655087,71.49522648937075,71.26665046877584,71.05906979285986,70.88759745567324,70.71662446958808,70.49124575542542,70.24418658869683,70.50893801987094,70.64420332127555,70.89425176948221,71.24411019126508,71.33782849971774,71.31095913924743,71.1353634323176,70.81851826253265,70.4850205127421,70.11095755091056,70.32872492324698,70.46851660735979,70.72355493385031,70.91570131560708,70.87935077909125,70.56954143849089,70.52734630973143,70.19061207977404,70.17610803207047,70.44597331043634,71.08201987701419,71.56907078753618,71.86976854707692,71.99344020009922,71.95977414163977,23-01-14-rings-afternoon_min4,1.18811881188119
95.01836554442652,93.13445973506862,92.36773427606106,92.71818916740384,94.18582440909698,96.77064000114076,107.0537576312808,113.99568503550094,118.022600591255,118.76871849489608,115.70619698841416,115.7402533245115,115.76780948760477,115.75773875321762,115.7387294595599,115.72742558295327,116.003170276989,119.61570406610196,114.88637906630444,110.96975545275409,107.94958306863433,105.89673558960396,108.52889861434193,104.02140021115405,101.70978352367862,101.63794726460353,103.87564634734576,107.89748763784024,104.81330708563809,106.31151270608866,108.83027264377898,112.36784296700417,116.93144986139862,113.28681941864596,113.30736925798485,113.32084252480772,113.33795658154092,113.3623121337578,113.38655664720152,116.91831851384836,116.06111720760448,111.77787578244512,101.5006238140496,97.72573947053068,88.9120431568996,87.56298929124986,85.72267480820543,80.82894571031305,84.2880684374785,88.10344106687387,89.5865874590555,94.79910996024432,91.2254917055642,95.82142674799135,96.01004367148028,103.39611429838143,105.46907091066224,104.781772089394,109.30465930528784,109.28291200124414,23-01-14-rings-evening_min0,0.409420065606239
112.72696774975653,117.17510060655462,117.18263164159391,112.81367112590851,109.38505351961254,106.96244657798309,105.49678133866018,105.0141968008102,105.49548178715555,110.5134092118733,112.09578900249072,111.14391744256244,108.6719782515455,96.80700153457212,87.97369691722861,76.10722364365112,70.19154527987173,70.20193814173317,76.14201842929694,88.0110211989563,100.32039286983768,104.1452821553818,107.46125932304288,109.30092046812877,108.69272389814488,108.22175215536576,107.83182809560896,101.37621428650596,101.4979376439883,100.06902911393594,98.0729506573452,83.94352395276937,81.96101470015694,76.81513499331516,81.32075002756729,87.37928554597056,86.89635436366193,83.50977592033163,86.22630590969368,79.64375583990596,79.16979745013015,75.62064223902283,78.15746283435838,75.02388596867009,75.44512607020945,79.51154688130154,77.84281746230934,82.45550815530041,83.97043391552657,82.33336762295762,83.24656558099431,86.70384807448382,83.56124980156744,85.62141908959869,80.11316947457738,87.93256805000847,88.04287499850417,93.29306332612572,91.80278501358664,87.25167213994834,23-01-14-rings-evening_min1,0.409420065606239
79.7116678836951,78.37582226736606,71.43972188096885,71.62646169041254,67.19924700933271,70.83633900394192,67.21617048208405,68.02469706757455,75.95590097974505,81.92928044630878,85.9291241043629,88.00363571616597,88.08293143861954,86.15496311858183,82.24850383692717,76.3189354062265,68.34827434462254,67.4457287511817,70.9777800727368,70.98715325449776,70.98055784265011,70.96013297485608,70.94212536847002,70.79998381274041,70.71564998795179,70.7226107619715,70.7202983726496,70.74152888405597,70.78349591483195,70.8521908839475,70.87123526893633,70.84322687100568,70.74152305303824,70.51818075242404,70.37943924435208,70.40712167801304,70.41186806197832,70.42102158670734,70.42925815733464,70.39331562503419,70.28332970776657,70.22390445824108,70.21033867413233,70.23151612912676,70.28447135707415,70.46070371316911,70.5174014654344,71.07266157093056,70.3997088296657,70.17124650117324,69.23793100631269,68.64088641057644,68.33901497134423,68.33177590906486,68.54817484516494,69.03014789619277,69.74776042667673,70.68837264496662,70.58089617698113,70.93497290350462,23-01-14-rings-evening_min2,0.409420065606239
70.49163077719662,70.33792341106374,70.32213614804894,70.35931507608262,70.39303774683194,70.43920024579828,70.48458298937129,70.87440237079147,70.76346166388427,70.29329877738607,69.41257680414137,68.14392852434128,66.59354656473461,64.97937207036561,64.16353792248132,60.430809677477285,65.5066080485426,70.54201495368369,74.40763095146629,77.48930055856604,79.29047699728433,79.59357613748529,78.21543687059537,75.45603766889406,71.82180027605514,63.327119145532286,71.59472992115174,74.77623791384809,75.98231766052814,76.64733688196596,76.74142058615026,76.09212740254495,74.62676548005402,72.34954288453885,69.23434906838875,65.36845623972809,70.06263893344286,70.17179396459665,69.64580956752414,69.68886376333533,69.75936770974647,69.78503549684143,69.76809479912589,69.80744827619546,69.7392233147417,69.72830794110536,69.77268678294188,69.80488489214692,69.86848938546717,69.99752265050988,70.15172992296982,70.180362431744,70.13623892046581,69.94277233020019,69.6722258804946,69.46695471086095,65.49527175358193,66.26827572004615,70.79738971298232,78.00852715424722,23-01-14-rings-evening_min3,0.409420065606239
86.86918107260917,96.20269774933098,104.97930074060682,112.11439868786414,120.48267103216752,120.49724639904916,112.13133946788903,104.89398067349931,96.04547727048777,86.66498464094641,77.81091837051994,70.57872663786308,66.1936207580919,65.33237504621874,64.8015438848567,65.35192787345085,69.73347347733042,80.89061226045965,88.66857538525252,89.17198370539623,95.3246103192824,97.5519873925565,95.97264544025796,89.79599814288804,79.03702467737749,73.98816444527294,71.84129166829975,73.2785687124155,69.17200346206411,63.56492574003248,66.57972022861064,66.04562579490582,65.5084735964549,65.11743727347053,64.56112803371383,64.70955436141998,65.3382934997577,65.89620256563606,66.56310466393131,67.18750041641444,67.72092483667475,68.35058635579318,68.612806550658,68.76858054578264,68.56535549456468,68.7793588387215,68.73301563450345,68.71913206038376,68.80872313138777,68.82678480551942,68.87829379541759,68.93818091193252,68.94609900609126,68.92432835080697,68.93264071199002,68.85512627224088,68.73873099874682,68.69498567920667,68.72755421294413,68.67181457223981,23-01-14-rings-evening_min4,0.409420065606239
110.68994422928868,105.21921975852412,101.5257982660626,99.60967975190408,99.47086421604853,101.10935165849632,108.89637668290612,119.94162786569984,125.34389600091724,127.85018469858537,123.11319420163208,123.22652626778644,123.281746311776,123.41543659248777,123.40872571366752,123.32561368391484,123.15344463262473,123.0691329081079,122.93595296413694,122.91287807208744,123.01027340461948,123.14799159969118,123.3350036447208,123.53520867225984,123.6872404837643,128.71951622932298,122.6359830037857,122.71131087353332,113.14032721023328,106.25271900243222,107.05007998776526,104.37729135752528,99.68121313967232,94.3274033979758,89.52919074486823,86.71601647548826,69.81706200306235,67.45365127130918,62.43125700093204,70.55025221918449,87.02100031872843,99.20661279013076,115.8750044161746,124.20039048258148,124.18651811196511,115.8531308350962,94.08836208339534,83.00614241315216,82.55225845724945,81.42520586600608,80.92292532518826,82.5071634817198,82.52461830547696,80.9648795209624,81.51341297650364,82.71330609678434,83.20802082508533,99.47274887522975,115.14470837919244,118.78687774655458,23-01-18-rings-afternoon_min0,1.34453781512605
115.17485626941468,99.22870114325826,82.65352282272259,76.78019159374118,81.61836719079261,85.8352164110851,90.81413431278688,93.17323603038496,92.66848672195844,92.7699579464515,91.88522924758873,88.68724016403652,94.8983670255679,105.35824293808298,120.05184306639094,131.3388048854222,131.20599105287005,120.11413428278615,105.26871835949842,94.72028003416828,88.36067276222332,86.34652814665264,88.58065358333002,95.0749477110877,110.9160663680955,119.47978291794068,120.64990790417644,118.40199301790705,115.91852087740897,109.0976287777329,105.03539560150747,103.80558503224243,110.12985389394782,108.44094448397388,110.90388953493472,109.74084953175245,109.74588991119252,102.48913436012462,105.64873205765456,95.85559636284906,90.31600651917616,85.4541507254947,82.77177336065466,71.48240059364417,68.51336631755157,70.58167628460998,61.11873884539985,56.31538381588571,67.41248418153637,76.85324201482456,88.38006247074877,100.46586740188718,111.87108647439176,121.12681537431166,127.06867063746115,133.45209736570467,122.50370570672962,117.76098964034853,114.3226950801141,112.28603974609562,23-01-18-rings-afternoon_min1,1.34453781512605
111.61485113602686,112.26938401864888,114.32336661163524,117.74801257654138,122.65548114085856,134.00790429881744,127.79038612254628,116.61474323481272,113.29318822303333,106.4544764091701,97.34831340785036,82.44653188263132,74.63938155897442,73.90834748214401,80.23754679259508,93.64241563259978,101.3248699742492,106.84411983823792,121.6816848490138,127.86511614452463,134.18352136325598,127.78832286648274,121.4859983680197,111.64760020214057,99.7044061257614,87.03609763199493,75.07288139898115,60.06237508495387,55.00513639707526,59.93398104249702,74.84118115663576,86.76165123590101,99.32994155733935,111.17661306013916,120.92108395211004,127.13856112826386,133.48948092796897,127.06755176779028,120.80909394054684,110.97952921127752,93.96968895441444,87.70108582557171,80.6883058833467,69.12064840961497,66.09479904523818,71.58856377221173,85.62161624768001,95.31821618782752,104.34299331008368,116.46066192120075,118.64860990252696,123.72513781768382,115.09999101520876,97.92956976197816,85.219709352927,73.2715751559865,63.56218241372201,57.44421349166735,51.150849794483285,57.755002661045,23-01-18-rings-afternoon_min2,1.34453781512605
64.06957224434574,73.888176118604,91.02174911288432,97.3115495613822,104.27517777506134,110.5168798493537,120.07727761357069,119.08404220264524,107.8481517215106,99.56971606891614,90.5432231920889,82.38828690805582,76.52643414922977,56.13347706469432,51.211822336851085,56.525376265816384,72.16917136067545,84.35565651483152,102.53558035506904,113.42423863830814,117.0198777934446,113.4069368603838,102.26780911497272,79.395954166997,68.99788835944439,65.75132279275385,74.80316257276111,84.77873991633874,96.77355664003994,98.91577348840173,96.38613237238108,89.19385479853125,72.10398167124194,63.40540697154829,61.69055028200575,63.548630187790025,70.46698296732211,70.78204893219348,70.41423181987392,68.2619321034689,64.94893690921833,55.34665090377321,50.76704726144781,63.27652548672182,73.77245710374193,86.19702048270696,98.99051341038576,110.74848762795848,120.82676730803372,126.68375331333148,127.91675311691236,122.88113135562392,122.80569093124797,122.77003406207548,122.81579590223184,128.0773282127428,126.8421943714499,115.38731763724329,106.8613278611239,101.22247189461989,23-01-18-rings-afternoon_min3,1.34453781512605
125.9463115800082,124.21656542459743,122.74677692489684,121.53694608090636,120.587072892626,119.89715736005611,124.88351559915768,130.7237415567398,128.6129420802368,123.8869345199744,115.34979067552652,103.24489752691994,96.3200031812314,94.10576032126906,96.92924333439122,95.8699854730082,94.51368338863055,93.8281524850595,93.63003692883296,95.19427094747076,96.70274649396283,98.55108513682336,102.09847902589374,100.14920072109274,106.94968250646198,111.2535768562802,113.5088610431764,113.28166427049348,110.43556683043036,107.2862358343094,103.45932142891422,99.14477307446576,94.84236468457505,87.66694779888701,90.97377987616504,91.38157714776398,93.31240452581686,95.02011303140024,97.09731799880588,99.12159300754374,100.66753924548524,101.9051417217182,103.39070648359936,102.4584940128745,100.42198524026182,98.23416545673956,95.4276046189154,92.5594258083517,89.8890069238124,86.3643109664836,85.17014028867656,86.233132833322,89.45924469863104,91.8532427352265,94.34768095344276,96.15783127537584,97.8928809403901,97.31545271729482,98.29667249318992,95.8955858309344,23-01-16-rings-afternoon_min0,0.965103598691385
97.2393294348315,97.487504786962,100.1454847159927,101.54107470211396,102.03993685181436,102.6712481746251,101.73728882250757,98.37754981211918,96.2984866517455,91.65079610231942,89.43111020030764,86.51563867851971,86.21903244335384,83.74241149641412,83.11320517341795,85.33670111077457,86.67047532554054,90.06414296840535,94.26756841566788,97.88050607270236,101.46924506164208,104.3714237221088,106.17026802136634,105.61050405582904,105.2177371607363,104.95978483146166,103.9527103986139,102.84613892207784,100.42931769529204,96.81546673711992,93.74047510930656,89.62930310146396,87.54521333841315,86.9304739495061,87.86787469909103,90.48034306504228,93.51509626933505,95.40277796976764,96.8415223658674,97.6152614485085,97.51799218491102,96.15323830832716,95.99827409111973,96.28018113331012,97.7936246987962,98.2129895606168,97.50455438304348,95.68072288199826,93.46899141000704,89.79227576044605,87.75816578541517,86.889189047867,87.41638915197385,89.43571603524406,92.67435294339693,94.59719068810008,95.9986172819706,96.61552577292866,96.32826779674508,94.65742047012444,23-01-16-rings-afternoon_min1,0.965103598691385
94.19296468977728,93.7702014317838,93.33780620009694,92.7372345246256,92.34689585896226,92.31317477485156,92.55841344016108,93.10952749729636,93.67285043960396,94.25547590544078,94.61668997669028,94.91261533429213,94.87020134529018,94.54823822379932,94.25861268208403,93.95554864655249,93.47841421074035,92.9059353554752,92.45069431945493,92.03760952152952,91.67122182815244,91.6397279540612,91.64385365126834,91.7411461895054,92.11370861330748,92.63570936737436,92.86209379758404,93.06422153997153,93.29365667783642,93.21093524342668,93.17005409387964,92.88559225111791,92.41731587578133,91.98199236418864,91.37417521478945,90.75989232334008,90.16279383741042,89.76446527105351,89.29197708234337,88.44560780423855,89.17726129439262,89.57249012040067,90.04498145302188,90.10941433222452,89.98279327258103,89.8612321484107,89.52047118957418,89.10055549068564,88.54601428874184,87.91619651501615,87.936339142951,88.08861150262594,89.38662930449263,89.43693970247718,90.035220902671,91.4125123029494,92.07224849880132,91.40873553836984,92.4134313379192,91.53815072376938,23-01-16-rings-afternoon_min2,0.965103598691385
89.06319438215735,86.84642178174178,84.6092721584365,81.18781740879197,77.57253169232591,76.74110662401235,77.11609090138224,78.83504304008149,83.61235144893772,87.06951949513838,90.1964500758571,92.71196006189857,94.26746527485128,95.17157076192532,93.63556585135126,93.07314473798564,92.158683831801,91.13094104985517,90.11543627827008,88.9567284576024,88.04320254016858,87.45997462985684,87.29666023862038,87.30256924500162,87.41301721890886,87.82269321303588,88.72797983030596,89.85683373777853,90.92173994224792,91.9828100104018,92.85795752850092,93.26049749280004,93.87405349340445,93.06388078142535,92.30535491881449,91.26956834236674,90.89832008672124,88.36552355832916,87.1117434855971,83.90681086683908,82.1713442706501,82.04907096324854,83.59654996784043,85.06769724602768,87.01853173317986,89.51976373171922,92.10587588480608,94.23817381538812,95.1860967789585,92.03517751940956,89.32766249209897,86.23316992344462,82.8353062833906,79.47398813938285,76.70375887655095,74.12284829602542,73.27031531516387,75.93886422123963,78.27713195638144,81.41553594209809,23-01-16-rings-afternoon_min3,0.965103598691385
84.74479703372958,88.23452663579289,91.15740889376026,94.73536915672278,95.2819509936087,92.75156614121322,89.23859041456043,85.84191669252533,82.21720946295423,78.91194758017186,76.13268660165382,74.48206751885043,74.36793318587115,76.08081069503609,76.42268215377047,75.05382609328103,75.44988469035174,77.1992564934337,79.80628467480473,83.01500281855539,86.37595604197719,90.88181663488596,93.0477303656476,92.95586604676532,90.53322043717188,85.55861126490775,82.07507188358528,78.9179099739957,76.3177629505164,74.80672651719803,74.67771826715762,74.71930869097486,74.92479470997304,76.50960742377714,78.89469152431171,81.79473775430424,84.84882931735612,87.84182978429996,90.25000602829633,91.9423405346364,92.34831183764662,90.9505688351618,90.94573749089716,90.4070075859689,90.52197285333084,91.32765460216493,91.79779975938207,92.03219793805418,91.92873741239768,91.72555814162688,91.44727278406174,90.98204750472784,90.2645127503572,89.27604188544004,89.41073991774138,89.93206721128827,89.65999660316098,89.5897438247618,89.70032728083521,90.13554922579743,23-01-16-rings-afternoon_min4,0.965103598691385
120.53754805759633,90.7215132429314,67.86356115785142,51.96369180235638,43.021905176446296,41.03820128012125,51.08948002702703,71.77314093654056,86.36468879239125,98.5308111381274,109.75209857010704,117.30537991477004,118.97411191340268,112.98224090615729,112.92846221884344,112.8950783273443,112.86310885042366,112.8741238329816,112.90056573851533,112.94613415808765,113.01372272909416,113.07757171322636,113.11773795142972,113.14849952853896,113.1740865232861,113.18506161373384,113.21050103144864,113.23760061047204,113.26599475322166,113.2881210062366,113.30411721886368,113.316958342945,113.32031367612458,113.3325978434185,113.36548225645916,113.37574352549974,113.39931443845542,113.4324208405169,113.45053169161602,113.46936355492056,113.46732333349556,113.4776284049432,113.50685583549875,113.51112844692958,113.5271469907411,113.54355788706413,113.55128984911246,113.57699538200552,113.60964457273089,113.61722904627236,113.62282154983362,113.64244865269312,113.65553704614288,113.64388926069626,113.65660881147244,113.65907779214454,113.65410948173678,113.6830399093098,113.68496389678066,113.67471800588046,23-01-18-rings-evening_min0,2.53224932249322
113.6780878420628,113.66465114132144,113.64697518302046,113.63435975338354,113.63847415207802,113.6254626518595,113.62345951755168,113.61622877411976,113.58155049847468,113.56913684369772,113.55819166221544,113.52558588691436,113.51114559052094,113.51527906772084,113.52969431393294,113.55318894068928,113.5738529450154,113.5681172198754,113.56718203924294,113.56491595896908,113.55554571152264,113.52615415725802,113.51011340872704,113.5036759319966,113.4925028201692,113.49523618092012,113.484939046414,113.46605686522712,113.46948106617086,113.47155533196585,113.46718068100915,113.4631357950502,113.44586100133986,113.42956340498368,113.4242758362879,113.43519148819964,113.44893987703594,113.46174852491292,113.47125365989658,113.47345152749484,113.48028146802596,113.4753721509975,113.45590668048712,113.45028864111907,113.44301891865403,113.43382345591364,113.447092180823,113.45154977256576,113.44240070982292,113.44425421836588,113.45308688345833,113.4497164528906,113.47306439545731,113.48338232333384,113.4785112366659,113.48103595550896,113.49201973410015,113.4848631497268,113.48887449464632,113.4969890435812,23-01-18-rings-evening_min1,2.53224932249322
113.49466111687828,113.49689088905922,113.5017614875724,113.51688467962916,113.55114142223552,113.5780841720494,113.59025427046949,113.60151656792316,113.6101132594984,113.62090903273555,113.61725805733656,113.60274777017,113.5553691891879,113.53364919477258,113.50375130511884,113.46749360593144,113.44852891899802,113.41795689517406,113.39622083970752,113.41279392735484,113.4360909955933,113.46088201728864,113.48048514997768,113.4980619167439,113.51674765483396,113.54968941720932,113.58505042664258,113.59567012270172,113.61159483456392,113.6054736669584,113.59567457426868,113.59614364043112,113.59121173928828,113.5753054381964,113.58013545410066,113.58009655094652,113.57927677212868,113.58377556110013,120.17049197671672,118.50798301329672,103.8503921349936,92.86087853928429,85.53836931506652,81.88647206784248,81.89806648086294,85.55723466125687,92.89794171835074,103.89638989138383,118.5483512085306,120.21253617212815,113.61524075389345,119.819218929929,118.6250091180498,104.30293426448864,93.55046101753038,86.37507480335194,82.78569143523433,82.74622133399228,86.2669998037892,93.36503932722354,23-01-18-rings-evening_min2,2.53224932249322
103.98882159874375,124.79044622965132,125.14791057865332,103.78879963177737,92.7217610893558,92.03426016998364,86.64919904308314,71.84499062192668,64.4099599965233,64.36186721173263,78.3113762060958,84.71311857648044,83.59528975803342,79.71327819079949,88.03197510141496,101.929151703014,104.48572175507324,100.60514604874794,105.22778324530866,111.70520888662372,120.02223185883012,113.40717483073962,113.42134754496118,113.44063262330874,113.48100710631996,113.50303998265947,113.5027065299432,113.50241766877544,113.50608722440788,113.50597659791056,113.50795516766256,113.50089317908687,113.47506733500909,113.46913769101305,113.47340615945144,113.46541220245356,113.44900170575988,120.06178372376462,118.4313683796361,103.74141452223388,92.74511142083816,91.65492666354376,80.17214255109616,74.1190051113694,73.48588900948423,84.54710480518432,86.80408501945413,96.21628704825407,96.07662887690536,91.1371449771706,96.30333985905182,104.93484944838572,107.89031499639852,103.91509153516614,103.545116519589,106.7939293956088,97.71827053723254,96.75955223780488,97.64587017645329,100.41569881130062,23-01-18-rings-evening_min3,2.53224932249322
113.69076137483256,102.2861077076074,93.75280850362824,88.09086376289511,85.30027348540798,85.38103767116712,91.80065538942522,103.72750445490362,110.01851349957012,115.48850587920332,118.02666084616604,116.65880356736407,120.3623624932944,125.15991685718728,121.32579200711076,121.3354868521962,121.37342962376204,121.45560494771468,121.54137450982216,121.58227243387438,121.58974571688478,121.56574487361635,121.53003316923278,121.48157120584892,121.41140166943916,121.3331177535576,124.9587798855908,123.97934770412114,119.44404962755146,108.57853968012864,100.77441995046192,96.08097909079892,94.51731433853767,96.05443815705394,100.6954958970907,108.4016673427672,123.04466281701283,126.64393671335444,122.91717070653002,107.97512963566751,99.96518866220748,95.1427286841534,93.53634933465568,98.82075989377084,102.5923016412955,105.93657875925904,109.95965547568652,106.56690404984482,97.96269612898688,85.49041725435055,74.74731246103633,71.19998661676645,74.86424314843809,89.46943693471505,97.25492214607702,101.69948833212658,99.13262135347128,102.27251923253074,96.67781792427988,96.21188088613631,23-01-16-rings-morning_min0,2.37374019375192
90.47856231938675,89.09943999706584,89.41307357610626,92.47708252792772,89.76245197450152,84.57459982917254,73.37729074557413,74.50064739237,74.4465740222913,85.36179967348129,97.78308818351525,105.96721800868292,109.94202484749064,105.86368090257167,102.3935875692856,98.43391053701528,93.04480578561194,98.465800870712,102.3398109276165,105.72514210468135,109.70850277129968,105.70358021778802,97.48402876969064,84.94030560665645,77.86855459052045,73.349427604975,72.38683329992172,76.10429598752884,72.18400415652951,72.97996168067874,77.4406516314731,84.57295806603423,93.39499623826596,102.81971233985288,111.8658991240359,119.3103386527532,124.1087221898895,125.24709208441232,125.31887194230512,124.44871325889682,119.8546351209028,112.6655775464252,103.93610728238092,90.92127638058496,83.07408541783585,80.41589617905005,82.97060562158156,90.73471733298864,107.6747626712616,115.4051957373786,117.76278241649356,114.79926255568716,106.52580164445251,88.98768042131513,80.69985461282789,81.66322452881735,83.37551633506197,87.73618504101714,93.80486091234224,93.71000771399588,23-01-16-rings-morning_min1,2.37374019375192
91.5325372149452,87.42532976373245,81.28235573481088,73.00199237507081,68.8881625227516,74.15930015343301,79.3575333946155,87.42433450952859,99.64208861980792,107.51854880130428,110.96431952682552,110.23844874200086,105.62454139947624,92.41289855389016,80.23775875127397,81.10547006552606,82.84810898932503,86.5061544196762,93.12386511546244,93.58531732760524,91.87953852357349,84.16634618368425,79.01846937326567,74.73845804797571,84.88367621306956,96.56229218721973,101.2226564121732,102.51202142833928,100.57499077771858,95.37777410326588,86.81493742234969,75.2069900268049,70.18974154325687,69.0348019245217,73.03617957135717,73.42540106035096,73.90793446881192,74.43627121292822,74.99611388519745,75.3632369356538,75.66203656229237,72.192573265499,77.90742970819062,81.04876216342704,83.1142469201353,83.8670265341811,83.5614987816092,78.22387416754961,81.53666035516804,82.42099550453355,81.06196030973547,77.46531691632794,80.97074697034991,79.10398526244656,77.19315199962837,74.53632291483035,72.20847973256289,68.37439874695893,73.0300641390813,73.02109688724471,23-01-16-rings-morning_min2,2.37374019375192
72.6450348153804,71.7201608498138,70.3346637333293,69.99533677361067,69.88534262348259,70.36050654708923,72.30877596357959,72.5099017040985,71.66148397011067,71.00107796685697,70.2031236707014,69.2037490559894,67.54448751533988,67.4952378732726,67.52399519115654,67.99428529178488,68.19098662842113,68.37745540711063,68.83784936532274,69.0734075392996,69.28069292883835,69.55410776661316,69.76767576091271,71.93113654583426,71.66860042235956,71.75188359086738,70.51466213750979,69.88084625241345,68.38500278882978,67.56252110729936,67.56043104271153,68.41208027883965,69.86578238636164,72.27340217256156,72.75019154860074,73.70025619610797,73.10738194596587,71.14052885680135,68.99687185000954,68.1587748194904,67.8505701765099,68.80101782590086,68.82329838231915,69.61617554118035,69.33175067599163,70.61337058966896,70.8418328166222,69.36099712214359,68.96380318475994,69.01183706580726,69.62468389560935,70.65041213080167,70.25247713819385,71.2477252480654,71.66595358397512,72.249345081363,71.35661557263813,69.8674714327328,69.735203312513,69.17251807536415,23-01-16-rings-morning_min3,2.37374019375192
68.18248509737958,67.05904490343401,65.99120442589519,65.42974720934606,64.17135020078304,62.57030441688964,62.09441070783531,62.25112214768834,63.26133679742841,63.72349542556572,64.01332714979534,64.16000602965883,64.22587765838185,64.27014407267953,60.6792182689703,64.91765025867268,68.23113103074759,70.46863666799115,71.8264923066069,72.2394041270548,71.65821058349735,69.95220471863739,67.13212121054086,63.239767124215845,58.367836451015805,61.59338113605679,61.51527502274687,61.62458492253363,61.836102468206086,62.12601674765723,62.39557978620144,62.582967523552526,62.67543924776113,62.60696487437153,62.601805186064354,62.79289689599305,63.09333532460101,63.24012282208373,63.22753818829142,63.04733657563733,62.8659631029701,62.43840249882331,61.70928707236366,57.294099431416434,61.67908459165509,66.13020179402749,70.35990612244237,73.80448385270932,76.71518303080599,78.53527446976294,75.49802450503296,78.688104660364,78.78485586934336,76.13000086556302,80.52491367984443,80.32909748470203,79.51246057856603,77.71533476719635,71.8424600437121,69.66159868424064,23-01-16-rings-morning_min4,2.37374019375192
112.65238944157392,104.98116618056136,99.4618813178666,96.09453485348963,94.8791267874305,95.81565711968943,103.3932998941321,114.88091459207422,118.7883709906697,118.45850988775578,123.77308654517708,119.65837521853184,119.63064805962304,119.59274832155728,119.5418323838347,119.51623145770644,119.50293015795006,123.6265343707778,118.43779836143769,114.41730434515804,111.61533641284798,109.98506180886616,109.50762936376567,110.18326624404324,112.28367467325654,115.26054410200132,119.67590864091514,123.82147995543042,117.60027105995891,114.87598502047756,111.67848417316227,108.4717019605109,105.9129331956386,105.26915449567826,106.59076003170762,109.1525931718025,112.79911030628838,115.5195022591706,117.83776374269576,119.44753374844232,120.01207840625848,123.87687272434728,118.21113794490208,118.24573323188751,110.14489364985118,108.45112611635383,99.71978090521743,94.50013488988284,92.80720618266312,94.616180945053,99.90222780544374,108.6422761968879,110.39386742377394,118.47764057346616,118.40335467877232,123.54566353874088,119.34561843646844,119.28959328612686,119.2318609092734,119.1674293870196,23-01-15-rings-evening_min0,1.0132263524102
119.1220523317109,119.07998847145367,119.04811046411668,119.05620116175815,119.1531095131001,119.2899268071342,119.44614976639429,119.59605724209275,119.73999322906586,119.8007319160155,119.7621457665602,119.64090228203546,119.49245114658235,123.561673230938,122.36400411215588,112.8452465841614,105.73737391995216,101.05007397868872,98.80347229202974,98.86755502976612,101.27017612435137,105.9645970390763,112.9840257476078,122.34604212775042,123.35418460188146,119.07979493958048,123.37432214762336,118.02299122349206,113.85127390148467,110.80498840489996,108.98443818643386,112.62953637941273,107.8676867870762,105.56741344990029,105.70597534841534,108.29537829545734,113.29504103778874,109.78060039004224,111.6412622674762,114.63262346853897,118.7722457916028,123.99196039632122,119.5765237688386,119.47613465383031,119.41492708535714,119.39204709353184,123.71025421344548,122.68671868102136,117.45047604201172,104.92893300391472,95.926180658038,90.45565845700078,88.61426524703779,94.52729919354198,94.53856396539231,99.32731057742794,108.93936923170956,116.85340040873292,116.31176290237772,107.41101498244764,23-01-15-rings-evening_min1,1.0132263524102
96.63407012698062,90.648379334672,93.79363631232128,96.26115985933905,88.56946966883402,81.38701091753865,81.42677531237734,88.6768246056892,92.14424097963442,95.01802776437052,96.0779132873771,105.10836020394336,117.79059294178872,123.12580776332274,124.21298246758856,124.2397742088334,118.8313203608358,118.89481417023204,114.7952986813059,107.68253052853402,98.7544677288939,89.22422422404532,75.93303933580668,69.85890234860075,71.04239925557216,79.4734459903966,84.2098805459471,103.60966123465953,112.82845999097444,115.93771158717615,108.680940895748,100.82351842523562,91.10148210462624,89.31046606272312,95.51114566966082,99.8255498127406,103.49244006157195,107.68600566206123,102.7485558359642,92.88140631556855,78.19474682314456,69.79843243922299,64.50091127242402,63.42482170304256,67.78696571852944,67.64847517485096,67.57485849665524,67.52750856340064,67.46512137445681,67.41984067476855,67.37544053742423,67.60657881961008,67.7797829252006,67.8245618869635,67.77016183527756,67.55788905150696,67.43888117726348,67.32184118304367,67.1793142697912,67.00098172334381,23-01-15-rings-evening_min2,1.0132263524102
67.02783517335232,67.31401567749968,67.5494179413662,67.79563972809474,67.99798153446551,63.794701607849255,69.411058073959,73.69409812509501,76.61858336329163,78.16152539368102,78.60664321554421,77.81623863671157,71.32821571009754,73.5364767472201,73.44994881056724,71.07406605669466,77.43248759812877,78.21288018527666,77.7371825638572,71.6992217540122,74.2050654210574,74.12984755757378,71.46206892328212,77.46025754103931,77.88666641621857,72.71911572579407,71.907162961704,78.54331556043248,81.73566503932085,81.42082802849225,83.96434984143127,89.62132159108725,91.4442397807478,89.40661824141175,79.33201722323165,71.13484017052411,74.73499218721963,90.19681405954182,96.5188096334574,97.85165747611808,89.72614114518325,93.42032556947184,97.49098062700774,95.41749595502878,87.49692360813124,84.69326815603297,83.76477369081813,85.92726169850148,76.7886274349964,70.52428903702861,66.00211202056336,73.25152032371213,87.74620890157891,103.07185922249032,112.2051868267949,115.14045362385122,111.86342281714305,102.44662219323112,86.33222198260006,76.35442499439245,23-01-15-rings-evening_min3,1.0132263524102
68.27929236661942,63.33315551930581,62.2991173836348,67.2379207992177,68.23564302219637,68.98174486114434,69.09080061359248,68.71074777542452,63.30480884096697,64.45262775189678,69.32393946277342,77.12939945653258,91.16020942099505,100.95099805988578,101.69686725192604,107.35416359384152,106.62310561361592,99.71466483480634,86.58290551664822,73.96213205232644,68.88450666725808,71.317967334928,85.90269825868909,90.8737573453818,90.7216499368385,97.0735632177129,95.24932571352647,89.67064289502477,80.39979422222044,62.647473672909214,58.27063534999063,62.67251764322398,80.5070495495177,89.66455869639606,90.91650441693668,94.07767978464408,97.86982376259164,101.03159906336865,102.29500891633272,100.27414948114574,105.27951294803164,112.74564255543363,122.6941304720338,123.56038325214465,119.22021689754148,123.64475930714322,122.58500732836748,112.78711257220374,106.89067352856566,104.7568150209664,95.52745887084852,94.7465157040204,88.1457734819877,86.78511207249198,90.65815501562165,99.79259073659436,107.39250231516203,106.78879854374917,109.19308068149502,103.45654856562064,23-01-15-rings-evening_min4,1.0132263524102
108.8461866118397,99.8579541047999,93.52485209445054,89.84688058079162,88.82403956382315,90.4563290435454,103.55306158446558,102.20961081092402,111.19064959061686,116.16297877616728,119.83606121282004,121.2928866210656,117.1257572858409,118.60988024450812,121.0498093487754,124.45771998329847,128.88451769037945,125.1466975215905,125.07817277087824,125.0679653076239,125.10321807063056,125.17722509044812,125.2279623382264,125.25339136557923,125.2849061149358,125.26317898030828,125.23334124751156,128.99222386386472,127.91205239967285,123.51602501574604,116.28049994787858,107.48472263490882,98.07694229028468,89.23241103877425,81.8119778792036,76.90613912118336,75.6634078944829,79.18681666738291,78.92920814171603,75.238892780016,80.02763942587714,83.92184039305612,82.9083565525352,89.56137626162842,93.94063123128362,96.1086573217482,96.06453582750046,93.81081822571848,89.41429403004302,82.83089014661499,83.44404023246096,79.41008958415858,74.64892804023394,78.61028745659272,75.09616243801388,76.41994980048435,85.4439200075457,92.0599989788344,96.3474717632398,98.2542688346772,23-01-13-rings-evening_min0,0.603430741067191
97.73578968798182,95.53077129003285,91.36279657962352,84.9498717711542,76.50572151725342,75.55808958291591,79.37681771003483,74.85400089428434,75.32508808183843,83.55280784025157,90.00729143940711,94.62718506827872,97.32694957616876,97.93063058422304,96.3756699268176,88.7593476470274,83.51704146971682,83.09963465846187,88.47231752964613,96.97804971930503,99.27590708651556,99.16391794388528,96.71307616492348,91.91592193589916,84.88657372537216,75.69329799771342,74.02661313294855,76.75414859054005,72.96392837223799,74.63529884602163,83.70496933309803,90.71741203354864,95.61737836220964,98.43428078573686,98.60956016901432,96.44794195581886,88.10873944003404,85.83871839161431,81.20501295856059,83.11373806612109,88.92911578144108,90.15645122133202,90.12457078639552,88.89121731342016,85.66898482904791,81.53312146235388,75.8768356414419,78.82380385238605,78.23350199503659,77.91168374793287,74.05314380240654,79.31146829814767,83.46311066635629,86.60396273951274,88.41802000842344,89.35132431025028,84.8859547285391,88.17155477078151,85.32982566543315,85.17783171009194,23-01-13-rings-evening_min1,0.603430741067191
90.55290378543552,101.39084940309044,105.3558788921409,105.96180511715846,102.24326817202262,95.94092229053024,87.68775064117645,85.55409518324402,76.93732244264659,75.32662011320896,78.79167018546866,78.52831999426256,78.48367459411499,78.1685144439451,77.36176905752578,78.0303240810469,79.52001598129038,80.02343788706217,80.1991364877072,79.93863719463843,80.31919989790266,80.21778937677664,79.74348454193353,78.93196331206069,77.55670234733637,76.64389859724128,76.0969083232379,75.94091471679039,76.58047640915035,77.50439759325175,78.61513745427854,79.07456805229761,79.13569766935767,78.72245405490952,77.77021656673655,77.26725661302362,76.89243754628392,76.70585001166765,76.80202854556588,76.94415593482117,77.18180320741087,76.88376954318507,77.74465548756714,78.3734508699678,78.79143415943686,79.24957026389204,79.37739900704605,79.18542560044035,78.7312655044835,78.20979913187142,77.59188789877106,76.71903432197183,77.11340136492413,77.28125296760902,76.74935384654015,76.71737591295224,76.83276818737188,77.09894747325895,77.41239387457229,77.19262346479255,23-01-13-rings-evening_min2,0.603430741067191
78.1852250479234,78.9186329441801,79.43966742576148,79.78278696423659,79.62035029151471,79.75263052167887,79.7052103610046,79.37634631914878,78.82311580461575,77.78208002546546,78.08238134416905,78.03937447291717,78.13460958133554,78.66369340035557,79.45631328315928,79.7843173536871,79.84822578082202,79.74221509337953,79.76560299392362,79.18447239339142,78.75387662965815,78.30766456948655,77.91199638948144,77.58445334764889,77.17636127528841,76.48773687462652,76.19805467003367,76.30922640580647,76.9423820185176,77.39096446844243,77.93017589168832,78.24786316337979,78.63103460386844,78.47059383793716,78.2534319215257,78.34394795287382,79.12421900020507,80.37955782116373,81.2819804044836,81.69299931080357,81.54199970828094,81.20653613104972,80.55957147399201,79.27563369578797,78.16750619633626,77.86160532121264,77.28219681772632,77.33261730329599,77.25691691118075,77.332544300553,77.63934574870882,78.35854629585793,78.92895408611886,79.3071685437454,79.56677871897294,79.56221158153211,78.79274340771414,78.43036220764698,78.56643044761256,78.61817384313056,23-01-13-rings-evening_min3,0.603430741067191
78.72706180170745,78.6835872606983,78.5198751116854,78.26571473749382,77.65928424074762,77.34541444396133,77.21807912620912,77.34394184038831,77.98489757462761,78.28450728204677,78.63937964138808,78.79181705098497,78.7507802589674,78.43725832861568,77.94656768654431,77.92891489462943,78.04644075326507,78.58908257686144,79.03128412505073,79.14220823887432,79.10975889523938,78.83760638327468,78.39370871243081,77.80645611771315,77.00141081431047,76.70667846805156,77.06813616918186,77.83561676883294,78.3897852502405,78.85781667156614,79.19882184669211,79.36444120904925,79.34118396219039,79.30031452317509,78.78962388717414,78.52858740548238,78.20437125793647,77.79480270070992,77.3806903219068,77.02168843368811,76.73839334398784,76.3626805231442,76.45859726279824,77.22170513481461,77.66770723095405,77.83215996251408,77.85410337564737,77.5205117204596,77.39253460378796,77.25717754999621,76.97273702992184,76.72041796344186,77.25987161425607,77.8182658204092,77.97083086399343,77.76616976855306,77.62048146082071,77.44833967829862,77.5188199072067,77.5003979177063,23-01-13-rings-evening_min4,0.603430741067191
114.47711193513231,102.94543981817928,92.94892015639246,84.48755294977188,77.56133819831753,72.17027590202954,68.83424875850213,72.3756927778809,68.7842958266396,65.8279530963277,61.455045307074286,74.8436359561196,81.99540955186394,85.28948476579174,91.17229067985662,91.26055749473764,89.90696386503177,94.20817777670835,94.80212557904144,91.98645371479742,93.4551879281176,99.80557154562084,97.90006357648352,101.11638297400236,104.26203894888177,103.45822582511084,103.24453002830865,111.09244576001328,111.46033798315057,109.2044973888269,111.3341661743465,111.39546777257394,110.42773645925952,115.07593415833,116.0715566188797,115.28402175627345,118.3090948292804,115.26190880300496,112.68830554185836,102.78837635849968,95.6490063238401,91.44553161015476,90.40427073110598,92.80594611277748,98.85909018230524,101.14955498007032,107.57296357649076,108.18312202317956,113.12052063510876,110.02054249172448,109.64108006396128,109.61890330842512,109.58849807672108,109.55279969162817,109.53373434616634,109.53677633455987,109.55719050480803,109.5931820154675,109.62991977315254,109.660182688767,23-01-17-rings-evening_min0,2.5140607424072
109.67573070195176,109.68141313475331,109.67118952698088,109.66452356851806,109.67001440436044,109.68518720356644,109.708722567219,109.72480047368754,109.72526944373658,109.72735511920118,109.73676494259536,109.75261226548368,109.77348809863491,109.79199129212836,109.8081214159831,109.81993787028978,109.83062535157296,109.82024556967951,109.79499832054552,109.76286665988847,109.7338499022682,109.70476668730608,109.69640620447296,109.70734158239074,109.73984411927806,109.79000680128644,109.85963912209064,109.91356184288836,109.955879950851,109.97347433165824,109.9585573508526,112.60165696645112,109.24977201536343,106.99246417768288,104.7014756120754,106.95197641502308,101.73147793347236,98.38914352452704,96.9170228590747,97.31065649645473,103.23985244351358,102.74864270850048,102.08142005955956,97.93981110660368,96.0803211647713,97.6455322718886,92.92921957296026,93.95958680456734,97.4203201491405,102.01243597023516,108.74591522475612,108.30587626174304,112.6913993632172,112.57038482701252,111.66000618805398,103.72793360860337,97.93021177277556,94.2821128559502,96.33315000893847,95.04902786438768,23-01-17-rings-evening_min1,2.5140607424072
92.69788972033945,86.37716051809079,85.04981938709423,88.7243864975008,88.13339564637052,85.98144220253408,94.1064485508884,100.62652521453208,106.44295756263334,103.67830471853598,95.94198640348144,83.27881780371092,74.68427091304127,67.70418455967699,63.22119363121418,62.305960980108125,66.0210234157816,66.0397245414957,65.97342308223084,65.92724317791635,62.23816984807998,63.15299884628825,67.7173946750006,74.88008627367685,83.5178279226971,92.66418412144787,101.29346616870978,112.0463476560221,115.60769629242448,111.98521563763936,101.17497683815112,92.51391047973374,79.66085340115895,75.17975098489289,68.61685808876265,68.07756062670886,77.26693555881317,87.89455021093924,91.61477607239858,92.0920994242784,89.26521890756774,83.17791888430366,73.8942335650611,67.31194992946418,59.98739403807018,63.24995821528884,73.84212204393175,82.40739772551005,91.58903813292042,100.34659590215804,107.6370828848104,112.41327418981952,117.43522076159344,113.15753863621076,108.27166929749671,97.3465633232384,93.28134671259892,83.87300500657724,78.62747159383153,77.57137124571315,23-01-17-rings-evening_min2,2.5140607424072
80.69347012697457,91.60618253757872,98.4781698862194,101.04832472965953,102.02444472013214,103.98999023554154,103.59133299511844,96.82367027086426,95.86832987617736,96.9886264882373,100.12187701106016,109.05949788491388,106.04096757271584,100.11850149074584,97.25768683624764,97.53371014758164,91.72505828501409,91.70845898748826,93.80135612290366,98.02829213341012,104.35235233682933,112.80180296418138,113.73901397723203,113.6708318536978,108.86025970719746,105.1372188124407,106.26312877728822,103.75506705088456,98.683720250597,92.21383288424336,81.13187712540395,75.308898172824,74.71349085398509,79.35273130889298,79.63396541622342,87.90559780395051,104.18186919903656,106.73759610647832,111.562397673351,109.30918306982292,99.07138810054596,91.41626545395992,83.03786587129687,71.1358793688919,65.58053519637508,66.40478537243088,73.61674577134703,77.72940140624992,90.99191305269082,104.02561698773992,108.52958841963488,110.51555133473964,105.23766767500824,93.35331164046345,85.16243161727652,78.02289257022272,72.00268967073505,68.09738864745526,67.26315758682817,70.38344398536854,23-01-17-rings-evening_min3,2.5140607424072
64.29194538695438,66.53732955260753,74.94005413791172,81.23980000478909,81.55783313238989,85.2248876166274,90.27444026350256,95.95448933527476,101.10032956312293,108.73788335984864,108.24846900474256,109.83545018210349,111.45565078017476,102.92829792202592,88.42973155552644,78.70529746782678,70.69843076154785,65.53243419779832,60.258882157144185,65.35834973508078,74.41666941512884,81.08756903515359,86.00817214694189,87.9696512346334,88.2242746038907,86.12633718778513,81.66890421310093,74.81309611784164,65.66516383328772,64.65144156848869,68.74727230441005,68.587257989716,68.26466722117104,67.89129013701152,68.11404628429443,68.03068588239802,68.00657969342761,68.05464596010071,67.82892657289551,68.07772565374009,65.16334918552585,66.15655497481852,75.29303250828335,82.09217402176395,86.5963300808694,88.78734121421712,84.65801424798406,83.28839230509672,83.51811107012105,85.04472637827104,86.31403088912433,94.89761690905084,108.5370174927002,116.31831975401192,121.3049115644242,122.34763591543098,118.38053502523266,122.3120789633613,121.40294775444856,112.71837269565464,23-01-17-rings-evening_min4,2.5140607424072
